company_name,domain,score,num_pages,pages_with_both,distinct_queries,serp_snippet_hits,avg_proximity,avg_page_length,social_flag,num_pages_scaled,pages_with_both_scaled,distinct_queries_scaled,serp_snippet_hits_scaled,inv_proximity_scaled,avg_page_length_scaled,country,date_collected
Klarna,klarna.com,0.7819828766119679,32,32,10,46,7.34375,3660.34375,0,0.9393939393939394,0.9696969696969697,0.75,0.9387755102040817,0.599250936329588,0.0004584950911185942,Spain,2026-05-15
Amazon.es,amazon.es,0.6873990357442518,34,33,10,49,108.0909090909091,17627.0,0,1.0,1.0,0.75,1.0,0.04583333333333333,0.002207960105153364,Spain,2026-05-15
E-Smart,e-smart.es,0.48528494681151924,24,12,13,31,160.66666666666666,10123.583333333334,0,0.696969696969697,0.36363636363636365,1.0,0.6326530612244898,0.030927835051546393,0.0012680812458839004,Spain,2026-05-15
Samsung,samsung.com,0.41796178895436337,21,21,5,38,93.76190476190476,7412.380952380952,0,0.6060606060606061,0.6363636363636364,0.3333333333333333,0.7755102040816326,0.05276381909547738,0.0009284757149291338,Spain,2026-05-15
Movilines,movilines.com,0.3921152732642075,12,12,8,12,12.0,12023.916666666666,0,0.3333333333333333,0.36363636363636365,0.5833333333333334,0.24489795918367346,0.38461538461538464,0.0015061172240136507,Spain,2026-05-15
Tuquota,tuquota.com,0.3790716380659146,9,5,8,9,6.0,5685.0,0,0.24242424242424243,0.15151515151515152,0.5833333333333334,0.1836734693877551,0.7142857142857142,0.0007121037724965607,Spain,2026-05-15
Facilitea,facilitea.com,0.34688254115412825,12,12,7,33,89.5,7839.583333333333,0,0.3333333333333333,0.36363636363636365,0.5,0.673469387755102,0.055248618784530384,0.0009819871357023445,Spain,2026-05-15
Tiendamovilspain,tiendamovilspain.com,0.3461934817769997,13,11,10,9,199.0,14664.76923076923,0,0.36363636363636365,0.3333333333333333,0.75,0.1836734693877551,0.024999999999999998,0.0018369107285879076,Spain,2026-05-15
El Corte Inglés,elcorteingles.es,0.34280032367000896,14,11,8,26,137.1818181818182,3397.3571428571427,0,0.3939393939393939,0.3333333333333333,0.5833333333333334,0.5306122448979592,0.036184210526315784,0.00042555335759836553,Spain,2026-05-15
Orange,orange.es,0.30033729818285226,19,10,6,26,100.8,5377.789473684211,0,0.5454545454545454,0.30303030303030304,0.4166666666666667,0.5306122448979592,0.04911591355599214,0.0006736225456293439,Spain,2026-05-15
Movistar,movistar.es,0.2899142572019048,11,9,7,18,57.888888888888886,12256.272727272728,0,0.30303030303030304,0.2727272727272727,0.5,0.3673469387755102,0.08490566037735849,0.0015352221716512964,Spain,2026-05-15
Kelisto ES,kelisto.es,0.26560755245494033,9,7,8,14,316.57142857142856,13678.111111111111,0,0.24242424242424243,0.21212121212121213,0.5833333333333334,0.2857142857142857,0.015744489428699954,0.0017133218158046342,Spain,2026-05-15
Phone House,phonehouse.es,0.259134905435237,18,5,7,20,87.6,2463.0,0,0.5151515151515151,0.15151515151515152,0.5,0.40816326530612246,0.056433408577878104,0.0003085156713560297,Spain,2026-05-15
Añade líneas móviles a tu tarifa,vodafone.es,0.25670556250031473,17,10,5,19,176.5,7924.0,0,0.48484848484848486,0.30303030303030304,0.3333333333333333,0.3877551020408163,0.028169014084507043,0.0009925611773549247,Spain,2026-05-15
HelpMyCash,helpmycash.com,0.2542508702252204,8,3,8,12,26.333333333333332,2854.75,0,0.21212121212121213,0.09090909090909091,0.5833333333333334,0.24489795918367346,0.1829268292682927,0.00035758632269737144,Spain,2026-05-15
CaixaBank,caixabank.es,0.25153528773133105,7,7,3,20,10.857142857142858,31804.14285714286,0,0.18181818181818182,0.21212121212121213,0.16666666666666666,0.40816326530612246,0.4216867469879518,0.003983790696497972,Spain,2026-05-15
BBVA,bbva.es,0.25105346667173944,16,2,3,17,7.0,6403.6875,0,0.45454545454545453,0.06060606060606061,0.16666666666666666,0.3469387755102041,0.625,0.0008021266537623692,Spain,2026-05-15
Banco Santander,bancosantander.es,0.25026964642267757,18,14,3,19,1305.142857142857,6165.666666666667,0,0.5151515151515151,0.42424242424242425,0.16666666666666666,0.3877551020408163,0.003828065186481461,0.0007723121360228017,Spain,2026-05-15
INTECAT,intecat.com,0.23796141624433553,6,6,3,6,8.0,6757.5,0,0.15151515151515152,0.18181818181818182,0.16666666666666666,0.12244897959183673,0.5555555555555555,0.0008464452493659646,Spain,2026-05-15
MaxMovil,maxmovil.com,0.23374311938301476,5,3,4,20,10.333333333333334,4421.2,0,0.12121212121212122,0.09090909090909091,0.25,0.40816326530612246,0.4411764705882352,0.0005538000349976771,Spain,2026-05-15
Documents1 Worldbank,documents1.worldbank.org,0.23336457357075913,1,1,1,0,5.0,7983387.0,0,0.0,0.030303030303030304,0.0,0.0,0.8333333333333333,1.0,Spain,2026-05-15
seQura,sequra.com,0.23187580011559744,14,5,6,25,683.0,14153.714285714286,0,0.3939393939393939,0.15151515151515152,0.4166666666666667,0.5102040816326531,0.007309941520467836,0.0017728959257160258,Spain,2026-05-15
Comunidad Movistar ES,comunidad.movistar.es,0.22640135176373566,5,1,4,8,7.0,4024.4,0,0.12121212121212122,0.030303030303030304,0.25,0.16326530612244897,0.625,0.000504096820058955,Spain,2026-05-15
Ubuy,ubuy.com.es,0.22290107938850015,4,4,3,3,7.0,14625.25,0,0.09090909090909091,0.12121212121212122,0.16666666666666666,0.061224489795918366,0.625,0.0018319605450668995,Spain,2026-05-15
Discoup,discoup.com,0.21840364405868282,1,1,1,1,4.0,18162.0,0,0.0,0.030303030303030304,0.0,0.02040816326530612,1.0,0.0022749742684401997,Spain,2026-05-15
Roams,roams.es,0.21010665703556217,6,1,5,6,10.0,6930.833333333333,0,0.15151515151515152,0.030303030303030304,0.3333333333333333,0.12244897959183673,0.45454545454545453,0.000868157003203444,Spain,2026-05-15
Back Market,backmarket.es,0.20670611590380017,15,13,2,15,584.2307692307693,12438.0,0,0.42424242424242425,0.3939393939393939,0.08333333333333333,0.30612244897959184,0.008543638275499473,0.001557985351330206,Spain,2026-05-15
CertiDeal,certideal.es,0.20113020479739144,6,6,4,9,19.666666666666668,13456.666666666666,0,0.15151515151515152,0.18181818181818182,0.25,0.1836734693877551,0.24193548387096772,0.001685583658498162,Spain,2026-05-15
Movilplanet EU,movilplanet.eu,0.20022254127488034,7,7,6,6,1333.0,13568.285714285714,0,0.18181818181818182,0.21212121212121213,0.4166666666666667,0.12244897959183673,0.003748125937031484,0.0016995650736066927,Spain,2026-05-15
Tarifasmasmovil ES,tarifasmasmovil.es,0.18420209190993644,1,1,1,1,5.0,43362.0,0,0.0,0.030303030303030304,0.0,0.02040816326530612,0.8333333333333333,0.005431529249427592,Spain,2026-05-15
Andalucia,andalucia.com,0.18395030615875294,1,1,1,1,5.0,4366.0,0,0.0,0.030303030303030304,0.0,0.02040816326530612,0.8333333333333333,0.0005468856764678951,Spain,2026-05-15
ensun,ensun.io,0.182668429003708,2,2,2,1,6.5,11464.5,0,0.030303030303030304,0.06060606060606061,0.08333333333333333,0.02040816326530612,0.6666666666666666,0.001436044626171824,Spain,2026-05-15
Financial Apps,idfinance.com,0.18261250423491437,2,2,2,1,6.5,2803.0,0,0.030303030303030304,0.06060606060606061,0.08333333333333333,0.02040816326530612,0.6666666666666666,0.0003511041115757009,Spain,2026-05-15
Coinscrap Finance,coinscrapfinance.com,0.18189233709955277,1,1,1,0,5.0,11485.0,0,0.0,0.030303030303030304,0.0,0.0,0.8333333333333333,0.0014386124585968336,Spain,2026-05-15
Indragroup,indragroup.com,0.1818685505904913,1,1,1,0,5.0,7801.0,0,0.0,0.030303030303030304,0.0,0.0,0.8333333333333333,0.0009771541828048672,Spain,2026-05-15
IKEA Spain,ikea.com,0.18185508835612837,1,1,1,0,5.0,5716.0,0,0.0,0.030303030303030304,0.0,0.0,0.8333333333333333,0.0007159868361636484,Spain,2026-05-15
Powerplanetonline,powerplanetonline.com,0.18177669138506564,9,0,8,9,,239.22222222222223,0,0.24242424242424243,0.0,0.5833333333333334,0.1836734693877551,0.0,2.9965003853905895e-05,Spain,2026-05-15
Smart Cellular UK Online,smartcellular.co.uk,0.16891355318577506,2,2,1,0,6.0,12759.5,0,0.030303030303030304,0.06060606060606061,0.0,0.0,0.7142857142857142,0.001598256479361454,Spain,2026-05-15
Apple (ES),apple.com,0.1685419052708141,4,3,3,9,13.333333333333334,7636.75,0,0.09090909090909091,0.09090909090909091,0.16666666666666666,0.1836734693877551,0.34883720930232553,0.0009565802083752172,Spain,2026-05-15
Gomibo.es,gomibo.es,0.1664755692589178,2,2,2,1,7.5,8143.5,0,0.030303030303030304,0.06060606060606061,0.08333333333333333,0.02040816326530612,0.588235294117647,0.0010200557733202713,Spain,2026-05-15
Contratar Online,contratar.online,0.16620125795643997,2,1,2,2,7.0,14072.0,0,0.030303030303030304,0.030303030303030304,0.08333333333333333,0.04081632653061224,0.625,0.001762660384621214,Spain,2026-05-15
Aplazame,aplazame.com,0.16554365869902438,11,10,2,13,946.3,5837.363636363636,0,0.30303030303030304,0.30303030303030304,0.08333333333333333,0.2653061224489796,0.0052781589781484214,0.0007311888596110443,Spain,2026-05-15
Firstmarkt ES,firstmarkt.es,0.16154083628841817,1,1,1,2,6.0,9399.0,0,0.0,0.030303030303030304,0.0,0.04081632653061224,0.7142857142857142,0.0011773198518373216,Spain,2026-05-15
Coolphone,coolphone2020.es,0.15957836838435585,1,1,1,1,6.0,31309.0,0,0.0,0.030303030303030304,0.0,0.02040816326530612,0.7142857142857142,0.00392176904364025,Spain,2026-05-15
Tarifas Fibra y Móvil,ofertaorange.com,0.15947168421247143,1,1,1,1,6.0,14786.0,0,0.0,0.030303030303030304,0.0,0.02040816326530612,0.7142857142857142,0.0018520961090825235,Spain,2026-05-15
HONOR España,honor.com,0.15946174734020066,1,1,1,1,6.0,13247.0,0,0.0,0.030303030303030304,0.0,0.02040816326530612,0.7142857142857142,0.0016593207870293648,Spain,2026-05-15
Ireland - Harvey Norman,harveynorman.ie,0.15738214185541283,1,1,1,0,6.0,17015.0,0,0.0,0.030303030303030304,0.0,0.0,0.7142857142857142,0.002131300912757956,Spain,2026-05-15
VOXI Mobile,voxi.co.uk,0.1573439633461619,1,1,1,0,6.0,11102.0,0,0.0,0.030303030303030304,0.0,0.0,0.7142857142857142,0.001390637833290557,Spain,2026-05-15
0% interest - in3,payin3.eu,0.15734390523579778,1,1,1,0,6.0,11093.0,0,0.0,0.030303030303030304,0.0,0.0,0.7142857142857142,0.0013895104922259187,Spain,2026-05-15
safe and easy,en.phonemarket.nl,0.15730353144612316,1,1,1,0,6.0,4840.0,0,0.0,0.030303030303030304,0.0,0.0,0.7142857142857142,0.0006062589725388485,Spain,2026-05-15
ElectroNow,electronow.es,0.1548883898403437,5,5,5,5,471.4,6709.0,0,0.12121212121212122,0.15151515151515152,0.3333333333333333,0.10204081632653061,0.010584250635055038,0.0008403701336287467,Spain,2026-05-15
Chollometro,chollometro.com,0.15488499363034444,3,3,3,4,13.666666666666666,16842.0,0,0.06060606060606061,0.09090909090909091,0.16666666666666666,0.08163265306122448,0.34090909090909094,0.002109630912293241,Spain,2026-05-15
Pixmania,pixmania.com,0.1464675329237499,4,4,3,4,19.5,20717.5,0,0.09090909090909091,0.12121212121212122,0.16666666666666666,0.08163265306122448,0.24390243902439024,0.0025950765007383457,Spain,2026-05-15
Definity Technology,definitytech.es,0.14522912721078102,1,1,1,3,7.0,8436.0,0,0.0,0.030303030303030304,0.0,0.061224489795918366,0.625,0.0010566943579210176,Spain,2026-05-15
Lamanzanamordida,lamanzanamordida.net,0.14126209367217843,1,1,1,1,7.0,45736.0,0,0.0,0.030303030303030304,0.0,0.02040816326530612,0.625,0.005728896770255532,Spain,2026-05-15
Xatakamovil,xatakamovil.com,0.14115724831525167,4,4,4,9,78.0,10158.5,0,0.09090909090909091,0.12121212121212122,0.25,0.1836734693877551,0.06329113924050632,0.0012724549116809696,Spain,2026-05-15
Tarifando,tarifando.com,0.1410433985450286,1,1,1,1,7.0,11865.0,0,0.0,0.030303030303030304,0.0,0.02040816326530612,0.625,0.001486211303548231,Spain,2026-05-15
Hipercor.es,hipercor.es,0.14103639947450128,1,1,1,1,7.0,10781.0,0,0.0,0.030303030303030304,0.0,0.02040816326530612,0.625,0.0013504293353184557,Spain,2026-05-15
Sepe ES,sepe.es,0.1410071312210877,1,1,1,1,7.0,6248.0,0,0.0,0.030303030303030304,0.0,0.02040816326530612,0.625,0.0007826252190956044,Spain,2026-05-15
Todomovilshop ES,todomovilshop.es,0.14099593529092688,1,1,1,1,7.0,4514.0,0,0.0,0.030303030303030304,0.0,0.02040816326530612,0.625,0.0005654241739752814,Spain,2026-05-15
Móvil Playa,movilplaya.com,0.14098499762905117,1,1,1,1,7.0,2820.0,0,0.0,0.030303030303030304,0.0,0.02040816326530612,0.625,0.00035323353358668444,Spain,2026-05-15
Alma,almapay.com,0.14035547891892017,2,2,1,2,8.0,6862.5,0,0.030303030303030304,0.06060606060606061,0.0,0.04081632653061224,0.5555555555555555,0.0008595975617867454,Spain,2026-05-15
Credito Plazo ES,credito.plazo.es,0.13519238621779797,1,1,1,5,8.0,19871.0,0,0.0,0.030303030303030304,0.0,0.10204081632653061,0.5555555555555555,0.0024890438106031938,Spain,2026-05-15
Ranking,billionhands.com,0.13510052018877347,1,1,1,5,8.0,5643.0,0,0.0,0.030303030303030304,0.0,0.10204081632653061,0.5555555555555555,0.0007068428475282484,Spain,2026-05-15
Santander Boutique,boutique.bancosantander.es,0.13308990321331354,11,0,5,15,,18.0,0,0.30303030303030304,0.0,0.3333333333333333,0.30612244897959184,0.0,2.254682129276709e-06,Spain,2026-05-15
Support Apple,support.apple.com,0.1309917590525305,2,2,1,3,9.0,4864.5,0,0.030303030303030304,0.06060606060606061,0.0,0.061224489795918366,0.5,0.0006093278454370307,Spain,2026-05-15
CaixaBank,caixabank.cat,0.13088981052314083,1,1,1,3,8.0,5203.0,0,0.0,0.030303030303030304,0.0,0.061224489795918366,0.5555555555555555,0.0006517283954792622,Spain,2026-05-15
Pymnts,pymnts.com,0.12877995536545592,1,1,1,2,8.0,4286.0,0,0.0,0.030303030303030304,0.0,0.04081632653061224,0.5555555555555555,0.0005368648670044431,Spain,2026-05-15
Tabby,tabby.ai,0.1287614956397755,1,1,1,2,8.0,1427.0,0,0.0,0.030303030303030304,0.0,0.04081632653061224,0.5555555555555555,0.00017874618880432577,Spain,2026-05-15
Deloitte,deloitte.com,0.12674689628235755,1,1,1,1,8.0,15263.0,0,0.0,0.030303030303030304,0.0,0.02040816326530612,0.5555555555555555,0.0019118451855083562,Spain,2026-05-15
Finance Yahoo,finance.yahoo.com,0.12673380853700808,1,1,1,1,8.0,13236.0,0,0.0,0.030303030303030304,0.0,0.02040816326530612,0.5555555555555555,0.0016579429257281401,Spain,2026-05-15
Store Google,store.google.com,0.12672542773115525,1,1,1,1,8.0,11938.0,0,0.0,0.030303030303030304,0.0,0.02040816326530612,0.5555555555555555,0.0014953552921836309,Spain,2026-05-15
all in one place,moneezy.es,0.12671224959190597,1,1,1,1,8.0,9897.0,0,0.0,0.030303030303030304,0.0,0.02040816326530612,0.5555555555555555,0.0012396993907473107,Spain,2026-05-15
Elevatepay,elevatepay.co,0.12671040943037434,1,1,1,1,8.0,9612.0,0,0.0,0.030303030303030304,0.0,0.02040816326530612,0.5555555555555555,0.0012040002570337628,Spain,2026-05-15
N26,n26.com,0.126703558864111,1,1,1,1,8.0,8551.0,0,0.0,0.030303030303030304,0.0,0.02040816326530612,0.5555555555555555,0.00107109927152473,Spain,2026-05-15
Amazon Pay,pay.amazon.eu,0.12669870987705747,1,1,1,1,8.0,7800.0,0,0.0,0.030303030303030304,0.0,0.02040816326530612,0.5555555555555555,0.000977028922686574,Spain,2026-05-15
Global Payments,globalpayments.es,0.12668291031471401,1,1,1,1,8.0,5353.0,0,0.0,0.030303030303030304,0.0,0.02040816326530612,0.5555555555555555,0.0006705174132232347,Spain,2026-05-15
Sipay,sipay.es,0.1266825939360647,1,1,1,1,8.0,5304.0,0,0.0,0.030303030303030304,0.0,0.02040816326530612,0.5555555555555555,0.0006643796674268703,Spain,2026-05-15
Informaticabarata,informaticabarata.com,0.1266765698283138,1,1,1,1,8.0,4371.0,0,0.0,0.030303030303030304,0.0,0.02040816326530612,0.5555555555555555,0.0005475119770593609,Spain,2026-05-15
Opyn EU,opyn.eu,0.12667651817465678,1,1,1,1,8.0,4363.0,0,0.0,0.030303030303030304,0.0,0.02040816326530612,0.5555555555555555,0.0005465098961130156,Spain,2026-05-15
PPRO,ppro.com,0.12667199847966681,1,1,1,1,8.0,3663.0,0,0.0,0.030303030303030304,0.0,0.02040816326530612,0.5555555555555555,0.00045882781330781034,Spain,2026-05-15
Leanpay,leanpay.com,0.12666954493095797,1,1,1,1,8.0,3283.0,0,0.0,0.030303030303030304,0.0,0.02040816326530612,0.5555555555555555,0.00041122896835641315,Spain,2026-05-15
Santander,santander.com,0.12666953201754372,1,1,1,1,8.0,3281.0,0,0.0,0.030303030303030304,0.0,0.02040816326530612,0.5555555555555555,0.00041097844811982683,Spain,2026-05-15
Afterpay,afterpay.com,0.1266667362633571,1,1,1,1,8.0,2848.0,0,0.0,0.030303030303030304,0.0,0.02040816326530612,0.5555555555555555,0.00035674081689889264,Spain,2026-05-15
Axiateches,axiateches.com,0.12665137575709834,1,1,1,1,8.0,469.0,0,0.0,0.030303030303030304,0.0,0.02040816326530612,0.5555555555555555,5.874699547948759e-05,Spain,2026-05-15
Cetelem ES,cetelem.es,0.1266492385870388,1,1,1,1,8.0,138.0,0,0.0,0.030303030303030304,0.0,0.02040816326530612,0.5555555555555555,1.728589632445477e-05,Spain,2026-05-15
Rossellimac,rossellimac.es,0.1248490380976436,4,4,4,4,140.0,2358.25,0,0.09090909090909091,0.12121212121212122,0.25,0.08163265306122448,0.035460992907801414,0.0002953946739648222,Spain,2026-05-15
Accio,accio.com,0.12465439029672697,1,1,1,0,8.0,17033.0,0,0.0,0.030303030303030304,0.0,0.0,0.5555555555555555,0.002133555594887233,Spain,2026-05-15
Flexible Payments - PhoneSwap Store,phoneswapstore.com,0.12458352793599153,1,1,1,0,8.0,6058.0,0,0.0,0.030303030303030304,0.0,0.0,0.5555555555555555,0.0007588257966199059,Spain,2026-05-15
Teléfonos libres - Simyo,simyo.es,0.12387702634520048,1,1,1,5,9.0,41460.0,0,0.0,0.030303030303030304,0.0,0.10204081632653061,0.5,0.00519328450443402,Spain,2026-05-15
Aplazame - Cashphone,cashphone.es,0.12346929244567054,4,4,4,3,127.5,4363.75,0,0.09090909090909091,0.12121212121212122,0.25,0.061224489795918366,0.038910505836575876,0.0005466038412017355,Spain,2026-05-15
News Samsung,news.samsung.com,0.12165309159911852,2,2,1,3,10.0,10038.0,0,0.030303030303030304,0.06060606060606061,0.0,0.061224489795918366,0.45454545454545453,0.0012573610674266448,Spain,2026-05-15
Portal de Ayuda Phone House,ayuda.phonehouse.es,0.11945907799334181,4,4,2,9,29.0,1270.75,0,0.09090909090909091,0.12121212121212122,0.08333333333333333,0.1836734693877551,0.16666666666666666,0.00015917429532102102,Spain,2026-05-15
Multioferta,multioferta.es,0.11924643646038083,4,2,4,6,58.0,5684.0,0,0.09090909090909091,0.06060606060606061,0.25,0.12244897959183673,0.0847457627118644,0.0007119785123782676,Spain,2026-05-15
eSIM Prime,esimprime.com,0.11821911266232775,3,3,2,3,17.0,6385.0,0,0.06060606060606061,0.09090909090909091,0.08333333333333333,0.061224489795918366,0.27777777777777773,0.0007997858553017661,Spain,2026-05-15
Pago fraccionado,themovilshop.es,0.11818840456322455,3,3,2,3,17.0,1629.0,0,0.06060606060606061,0.09090909090909091,0.08333333333333333,0.061224489795918366,0.27777777777777773,0.00020404873269954217,Spain,2026-05-15
Imagin,imagin.com,0.11734407459759762,1,1,1,2,9.0,7209.0,0,0.0,0.030303030303030304,0.0,0.04081632653061224,0.5,0.000903000192775322,Spain,2026-05-15
Openbank,openbank.es,0.11658238276124454,2,1,2,2,12.0,5548.0,0,0.030303030303030304,0.030303030303030304,0.08333333333333333,0.04081632653061224,0.38461538461538464,0.0006949431362903991,Spain,2026-05-15
Removil Phonehouse ES,removil.phonehouse.es,0.11530251203121099,1,1,1,1,9.0,16869.0,0,0.0,0.030303030303030304,0.0,0.02040816326530612,0.5,0.002113012935487156,Spain,2026-05-15
Remarkt ES,remarkt.es,0.1152442725329118,1,1,1,1,9.0,7849.0,0,0.0,0.030303030303030304,0.0,0.02040816326530612,0.5,0.0009831666684829384,Spain,2026-05-15
Acelstore ES,acelstore.es,0.11524307804209304,1,1,1,1,9.0,7664.0,0,0.0,0.030303030303030304,0.0,0.02040816326530612,0.5,0.0009599935465987056,Spain,2026-05-15
Pago a Plazos Apple en Sevilla,visomacs.com,0.11521582428130359,1,1,1,1,9.0,3443.0,0,0.0,0.030303030303030304,0.0,0.02040816326530612,0.5,0.00043127058728331723,Spain,2026-05-15
PayPal ES,paypal.com,0.11449724387844759,2,1,2,1,12.0,8459.0,0,0.030303030303030304,0.030303030303030304,0.08333333333333333,0.02040816326530612,0.38461538461538464,0.0010595753406417601,Spain,2026-05-15
Cubemovil ES,cubemovil.es,0.11310963007656055,1,1,1,0,9.0,3093.0,0,0.0,0.030303030303030304,0.0,0.0,0.5,0.00038742954588071455,Spain,2026-05-15
Shop Samsung,shop.samsung.com,0.1060005154459354,1,1,1,1,10.0,27722.0,0,0.0,0.030303030303030304,0.0,0.02040816326530612,0.45454545454545453,0.0034724609993227185,Spain,2026-05-15
Groupon,groupon.es,0.1059270058352773,1,1,1,1,10.0,16337.0,0,0.0,0.030303030303030304,0.0,0.02040816326530612,0.45454545454545453,0.0020463745525552,Spain,2026-05-15
SamMobile,sammobile.com,0.10584845999305893,1,1,1,1,10.0,4172.0,0,0.0,0.030303030303030304,0.0,0.02040816326530612,0.45454545454545453,0.000522585213519024,Spain,2026-05-15
El blog de Maxmovil,blog.maxmovil.com,0.10584748503028253,1,1,1,1,10.0,4021.0,0,0.0,0.030303030303030304,0.0,0.02040816326530612,0.45454545454545453,0.0005036709356567582,Spain,2026-05-15
empaci.eu,empaci.eu,0.10582152261091878,1,1,1,1,10.0,0.0,0,0.0,0.030303030303030304,0.0,0.02040816326530612,0.45454545454545453,0.0,Spain,2026-05-15
Citylife Madrid,citylifemadrid.com,0.1039939869724281,1,1,1,0,10.0,42808.0,0,0.0,0.030303030303030304,0.0,0.0,0.45454545454545453,0.005362135143893187,Spain,2026-05-15
Movilzona ES,movilzona.es,0.10225618030278587,4,4,3,5,258.0,19704.5,0,0.09090909090909091,0.12121212121212122,0.16666666666666666,0.10204081632653061,0.019305019305019305,0.0024681880009073845,Spain,2026-05-15
Movistaronline,movistaronline.pe,0.09816009665256603,1,1,1,1,11.0,23020.0,0,0.0,0.030303030303030304,0.0,0.02040816326530612,0.41666666666666663,0.0028834879231083247,Spain,2026-05-15
"Compra ahora, paga después sin intereses",viabill.com,0.093519909026843,1,1,1,2,12.0,2017.0,0,0.0,0.030303030303030304,0.0,0.04081632653061224,0.38461538461538464,0.0002526496585972846,Spain,2026-05-15
NORBr,norbr.com,0.09146873242354202,1,1,1,1,12.0,10188.0,0,0.0,0.030303030303030304,0.0,0.02040816326530612,0.38461538461538464,0.0012761500851706175,Spain,2026-05-15
Openbank Pay,openbankpay.com,0.09142662177964986,1,1,1,1,12.0,3666.0,0,0.0,0.030303030303030304,0.0,0.02040816326530612,0.38461538461538464,0.0004592035936626898,Spain,2026-05-15
Telia EE,telia.ee,0.08942170102621755,1,1,1,0,12.0,19001.0,0,0.0,0.030303030303030304,0.0,0.0,0.38461538461538464,0.002380067507688153,Spain,2026-05-15
Avantech Malta,avantech.com.mt,0.08931622425856617,1,1,1,0,12.0,2665.0,0,0.0,0.030303030303030304,0.0,0.0,0.38461538461538464,0.00033381821525124613,Spain,2026-05-15
Back Market,backmarket.co.uk,0.08930846975330482,1,1,1,0,12.0,1464.0,0,0.0,0.030303030303030304,0.0,0.0,0.38461538461538464,0.00018338081318117235,Spain,2026-05-15
K-tuin,k-tuin.com,0.08857244755514772,3,3,2,3,36.333333333333336,8393.0,0,0.06060606060606061,0.09090909090909091,0.08333333333333333,0.061224489795918366,0.13392857142857142,0.0010513081728344123,Spain,2026-05-15
Compradiccion,compradiccion.com,0.08582341207922016,1,1,1,1,13.0,13149.0,0,0.0,0.030303030303030304,0.0,0.02040816326530612,0.3571428571428571,0.001647045295436636,Spain,2026-05-15
Chollo ES,chollo.es,0.0858183241940029,1,1,1,1,13.0,12361.0,0,0.0,0.030303030303030304,0.0,0.02040816326530612,0.3571428571428571,0.0015483403222216335,Spain,2026-05-15
"Compra ahora paga después (Buy now, pay later)",luegopago.com,0.08576441714618695,1,1,1,1,13.0,4012.0,0,0.0,0.030303030303030304,0.0,0.02040816326530612,0.3571428571428571,0.0005025435945921198,Spain,2026-05-15
Mi Electro,mielectro.es,0.08292656786076909,3,3,3,3,2191.6666666666665,11556.333333333334,0,0.06060606060606061,0.09090909090909091,0.16666666666666666,0.061224489795918366,0.002280328367284889,0.0014475476803684118,Spain,2026-05-15
Banco Sabadell,bancsabadell.com,0.07962704005374015,11,2,2,10,709.0,6838.090909090909,0,0.30303030303030304,0.06060606060606061,0.08333333333333333,0.20408163265306123,0.007042253521126761,0.0008565400761720444,Spain,2026-05-15
Ayudacliente Vodafone ES,ayudacliente.vodafone.es,0.07938061734668415,6,3,2,7,191.66666666666666,3700.0,0,0.15151515151515152,0.09090909090909091,0.08333333333333333,0.14285714285714285,0.025951557093425608,0.0004634624376846569,Spain,2026-05-15
Forbes ES,forbes.es,0.07880539045764232,1,1,1,0,14.0,12389.0,0,0.0,0.030303030303030304,0.0,0.0,0.3333333333333333,0.0015518476055338417,Spain,2026-05-15
CaixaBank Payments & Consumer,caixabankpc.com,0.07533931461916997,3,2,3,4,18487.0,123083.33333333333,0,0.06060606060606061,0.06060606060606061,0.16666666666666666,0.08163265306122448,0.00027044569450454346,0.015417432893248609,Spain,2026-05-15
Giztab,giztab.com,0.07477822448850564,2,2,2,2,36.5,7050.0,0,0.030303030303030304,0.06060606060606061,0.08333333333333333,0.04081632653061224,0.13333333333333333,0.0008830838339667111,Spain,2026-05-15
Cuponation ES,cuponation.es,0.07279653687498518,1,1,1,1,16.0,8195.0,0,0.0,0.030303030303030304,0.0,0.02040816326530612,0.2941176470588235,0.0010265066694123684,Spain,2026-05-15
Ofertasmasmovil Online,ofertasmasmovil.online,0.07219105167126824,3,3,1,4,32.666666666666664,6047.0,0,0.06060606060606061,0.09090909090909091,0.0,0.08163265306122448,0.1485148514851485,0.0007574479353186812,Spain,2026-05-15
Cantabria Telecom,cantabriatelecom.es,0.07136278551151333,3,3,2,3,97.66666666666667,1560.3333333333333,0,0.06060606060606061,0.09090909090909091,0.08333333333333333,0.061224489795918366,0.050675675675675665,0.00019544753791007918,Spain,2026-05-15
Balance transfer - doctorSIM,doctorsim.com,0.06883141688980216,3,3,2,0,71.66666666666667,8057.0,0,0.06060606060606061,0.09090909090909091,0.08333333333333333,0.0,0.06880733944954127,0.0010092207730879137,Spain,2026-05-15
Yoigo Certideal ES,yoigo.certideal.es,0.06641791886161796,1,1,1,1,18.0,8944.0,0,0.0,0.030303030303030304,0.0,0.02040816326530612,0.2631578947368421,0.0011203264980139383,Spain,2026-05-15
Mistercomparador,mistercomparador.com,0.06475936617546411,2,1,1,3,21.0,4386.0,0,0.030303030303030304,0.030303030303030304,0.0,0.061224489795918366,0.22727272727272727,0.0005493908788337581,Spain,2026-05-15
Telefonica,telefonica.com,0.06429184445562623,1,1,1,0,18.0,5515.0,0,0.0,0.030303030303030304,0.0,0.0,0.2631578947368421,0.000690809552386725,Spain,2026-05-15
Movistar México,movistar.com.mx,0.06367708372667355,1,1,1,1,19.0,4628.0,0,0.0,0.030303030303030304,0.0,0.02040816326530612,0.25,0.0005797038274607005,Spain,2026-05-15
Electrocosto,electrocosto.com,0.06353192683652809,2,2,2,2,62.5,8603.0,0,0.030303030303030304,0.06060606060606061,0.08333333333333333,0.04081632653061224,0.07874015748031496,0.0010776127976759738,Spain,2026-05-15
Adslzone,adslzone.net,0.061662620397374183,3,3,2,3,1680.0,22491.333333333332,0,0.06060606060606061,0.09090909090909091,0.08333333333333333,0.061224489795918366,0.00297441998810232,0.0028172670739040123,Spain,2026-05-15
Movilonia,movilonia.com,0.06152110762588922,3,2,2,3,96.5,6233.333333333333,0,0.06060606060606061,0.06060606060606061,0.08333333333333333,0.061224489795918366,0.05128205128205128,0.0007807880706939715,Spain,2026-05-15
Visanta,visanta.com,0.061260110418948195,1,1,1,1,20.0,10454.0,0,0.0,0.030303030303030304,0.0,0.02040816326530612,0.23809523809523808,0.0013094692766365955,Spain,2026-05-15
mayo 2026 - iGraal,es.igraal.com,0.06114429234239138,1,1,1,2,21.0,12265.0,0,0.0,0.030303030303030304,0.0,0.04081632653061224,0.22727272727272727,0.001536315350865491,Spain,2026-05-15
Kreditiweb,kreditiweb.com,0.05943409473303911,3,1,2,3,55.0,17703.0,0,0.06060606060606061,0.030303030303030304,0.08333333333333333,0.061224489795918366,0.08928571428571427,0.0022174798741436434,Spain,2026-05-15
Bankinterconsumerfinance,bankinterconsumerfinance.com,0.058368153116355764,2,2,2,3,114.0,9034.5,0,0.030303030303030304,0.06060606060606061,0.08333333333333333,0.061224489795918366,0.043478260869565216,0.0011316625387194684,Spain,2026-05-15
Tienda Bananacomputer,tienda.bananacomputer.com,0.0579726689460224,2,2,2,2,95.5,7462.5,0,0.030303030303030304,0.06060606060606061,0.08333333333333333,0.04081632653061224,0.05181347150259067,0.0009347536327626357,Spain,2026-05-15
Apple (ES),iphone.es,0.057059518407656815,1,1,1,1,22.0,21026.0,0,0.0,0.030303030303030304,0.0,0.02040816326530612,0.21739130434782608,0.002633719247231783,Spain,2026-05-15
Fotografiarte ES,fotografiarte.es,0.05703908292959507,1,1,1,1,22.0,17861.0,0,0.0,0.030303030303030304,0.0,0.02040816326530612,0.21739130434782608,0.0022372709728339614,Spain,2026-05-15
Empresite,empresite.eleconomista.es,0.0566537985403444,3,0,3,5,,8483.666666666666,0,0.06060606060606061,0.0,0.16666666666666666,0.10204081632653061,0.0,0.0010626650902263244,Spain,2026-05-15
Cofidis,cofidis.es,0.05629580201044562,12,1,1,13,657.0,30803.5,0,0.3333333333333333,0.030303030303030304,0.0,0.2653061224489796,0.007598784194528875,0.0038584500538430618,Spain,2026-05-15
"Compra Ahora, Paga Despues| PayPal ES",aosom.es,0.0530570012501414,1,1,1,0,23.0,16231.0,0,0.0,0.030303030303030304,0.0,0.0,0.20833333333333331,0.002033096980016126,Spain,2026-05-15
TE Ayudamos Mediamarkt ES,te-ayudamos.mediamarkt.es,0.05292473740632926,9,0,2,9,,2411.4444444444443,0,0.24242424242424243,0.0,0.08333333333333333,0.1836734693877551,0.0,0.00030205781636847174,Spain,2026-05-15
Moviles,moviles.com,0.05201331216804102,2,2,2,2,220.0,16600.5,0,0.030303030303030304,0.06060606060606061,0.08333333333333333,0.04081632653061224,0.02262443438914027,0.002079380593725445,Spain,2026-05-15
Allzone,shopenzona.es,0.051796619436104564,1,1,1,1,25.0,6929.0,0,0.0,0.030303030303030304,0.0,0.02040816326530612,0.19230769230769232,0.0008679273596532399,Spain,2026-05-15
ABC,abc.es,0.0493172016730105,2,1,2,1,72.0,8428.0,0,0.030303030303030304,0.030303030303030304,0.08333333333333333,0.02040816326530612,0.0684931506849315,0.0010556922769746726,Spain,2026-05-15
Businessinsider ES,businessinsider.es,0.049001882696028363,2,2,2,1,267.5,3862.5,0,0.030303030303030304,0.06060606060606061,0.08333333333333333,0.02040816326530612,0.018621973929236497,0.00048381720690729386,Spain,2026-05-15
Blog Movistar,blog.movistar.com.co,0.04864398759902182,1,1,1,2,29.0,11613.0,0,0.0,0.030303030303030304,0.0,0.04081632653061224,0.16666666666666666,0.001454645753738357,Spain,2026-05-15
O2,o2online.es,0.04772703369269625,2,2,2,2,2276.0,5108.0,0,0.030303030303030304,0.06060606060606061,0.08333333333333333,0.04081632653061224,0.0021958717610891525,0.0006398286842414128,Spain,2026-05-15
TicPymes,ticpymes.es,0.046515285313228794,1,1,1,1,29.0,7777.0,0,0.0,0.030303030303030304,0.0,0.02040816326530612,0.16666666666666666,0.0009741479399658316,Spain,2026-05-15
Applesfera,applesfera.com,0.0443822983928219,1,1,1,1,31.0,10066.0,0,0.0,0.030303030303030304,0.0,0.02040816326530612,0.15625,0.0012608683507388532,Spain,2026-05-15
Alquiler Pccomponentes,alquiler.pccomponentes.com,0.04435156446689018,1,1,1,1,31.0,5306.0,0,0.0,0.030303030303030304,0.0,0.02040816326530612,0.15625,0.0006646301876634566,Spain,2026-05-15
Eleconomista ES,eleconomista.es,0.044347309496892494,1,1,1,1,31.0,4647.0,0,0.0,0.030303030303030304,0.0,0.02040816326530612,0.15625,0.0005820837697082705,Spain,2026-05-15
Phoneservicecenter ES,phoneservicecenter.es,0.04337109081757888,1,1,1,1,32.0,4653.0,0,0.0,0.030303030303030304,0.0,0.02040816326530612,0.15151515151515152,0.0005828353304180294,Spain,2026-05-15
Móviles Quality,movilesquality.com,0.042371522806075326,1,1,1,3,39.0,44860.0,0,0.0,0.030303030303030304,0.0,0.061224489795918366,0.125,0.005619168906630732,Spain,2026-05-15
Santanderconsumer ES,santanderconsumer.es,0.041807609241208916,3,3,1,4,5597.666666666667,14416.333333333334,0,0.06060606060606061,0.09090909090909091,0.0,0.08163265306122448,0.0008930697785186948,0.0018057916186868222,Spain,2026-05-15
OnlyMovil,onlymovil.es,0.04029642883524475,2,1,2,3,1106.0,2601.0,0,0.030303030303030304,0.030303030303030304,0.08333333333333333,0.061224489795918366,0.004516711833785004,0.0003258015676804845,Spain,2026-05-15
Grupo Acerca,grupo-acerca.com,0.03947545994340528,2,1,2,2,467.0,4368.0,0,0.030303030303030304,0.030303030303030304,0.08333333333333333,0.04081632653061224,0.010683760683760684,0.0005471361967044814,Spain,2026-05-15
Blog Orange ES,blog.orange.es,0.03843418017300169,2,2,1,2,80.5,3272.0,0,0.030303030303030304,0.06060606060606061,0.0,0.04081632653061224,0.06134969325153374,0.0004098511070551885,Spain,2026-05-15
Wise,wise.com,0.038181319589757935,2,1,2,2,1168.0,8520.0,0,0.030303030303030304,0.030303030303030304,0.08333333333333333,0.04081632653061224,0.004277159965782719,0.0010672162078576423,Spain,2026-05-15
Comparaiso,comparaiso.es,0.03767301947985483,2,1,2,2,2689.0,7024.5,0,0.030303030303030304,0.030303030303030304,0.08333333333333333,0.04081632653061224,0.0018587360594795538,0.0008798897009502358,Spain,2026-05-15
BBVA Consumer Finance,bbvacf.pt,0.036081151394660775,1,1,1,1,42.0,817.0,0,0.0,0.030303030303030304,0.0,0.02040816326530612,0.11627906976744186,0.00010233751664550397,Spain,2026-05-15
Ayuda Orange,ayuda.orange.es,0.03583811557611751,2,1,2,1,1511.0,2447.0,0,0.030303030303030304,0.030303030303030304,0.08333333333333333,0.02040816326530612,0.0033068783068783067,0.00030651150946333933,Spain,2026-05-15
Ecommerce News ES,ecommerce-news.es,0.0357443815772237,2,1,2,1,1790.0,4380.0,0,0.030303030303030304,0.030303030303030304,0.08333333333333333,0.02040816326530612,0.0027917364600781687,0.0005486393181239992,Spain,2026-05-15
Elpais,elpais.com,0.03460520348082552,1,1,1,1,45.0,14391.0,0,0.0,0.030303030303030304,0.0,0.02040816326530612,0.10869565217391304,0.001802618362356729,Spain,2026-05-15
Eroski Consumer,consumer.es,0.03377565610586321,1,1,1,5,77.0,6518.0,0,0.0,0.030303030303030304,0.0,0.10204081632653061,0.0641025641025641,0.0008164454510347551,Spain,2026-05-15
Mayo 2026 - Selectra,selectra.es,0.03305842879655068,3,0,2,4,,6350.666666666667,0,0.06060606060606061,0.0,0.08333333333333333,0.08163265306122448,0.0,0.0007954852579070346,Spain,2026-05-15
Ofertas Fibra + Móvil al mejor precio,tarifasmasmovil.net,0.032320766933048146,2,2,1,2,157.5,8186.5,0,0.030303030303030304,0.06060606060606061,0.0,0.04081632653061224,0.031545741324921134,0.0010254419584068766,Spain,2026-05-15
Expatica,expatica.com,0.03114104418896936,1,1,1,0,48.0,16235.0,0,0.0,0.030303030303030304,0.0,0.0,0.1020408163265306,0.002033598020489299,Spain,2026-05-15
PaynoPain,paynopain.com,0.031086297769226702,1,1,1,0,48.0,7756.0,0,0.0,0.030303030303030304,0.0,0.0,0.1020408163265306,0.0009715174774816754,Spain,2026-05-15
Asest ES,asest.es,0.030250191498995806,2,2,1,2,231.5,8125.0,0,0.030303030303030304,0.06060606060606061,0.0,0.04081632653061224,0.02150537634408602,0.001017738461131848,Spain,2026-05-15
Shopdutyfree ES,shopdutyfree.es,0.029026570481062546,1,1,1,1,60.0,3919.0,0,0.0,0.030303030303030304,0.0,0.02040816326530612,0.08196721311475409,0.0004908944035908569,Spain,2026-05-15
HitsMobile,hitsmobile.es,0.02875629218535799,2,2,1,0,144.0,14044.5,0,0.030303030303030304,0.06060606060606061,0.0,0.0,0.034482758620689655,0.0017592157313681524,Spain,2026-05-15
Compara precios y compra en ...,comparar.net,0.027339997405400055,2,0,2,2,,14319.0,0,0.030303030303030304,0.0,0.08333333333333333,0.04081632653061224,0.0,0.0017935996338396222,Spain,2026-05-15
No más números 900,nomas900.org,0.027322005790986453,2,0,2,2,,11532.5,0,0.030303030303030304,0.0,0.08333333333333333,0.04081632653061224,0.0,0.0014445623142157584,Spain,2026-05-15
Top5credits,top5credits.com,0.0272859095697845,2,0,2,2,,5942.0,0,0.030303030303030304,0.0,0.08333333333333333,0.04081632653061224,0.0,0.0007442956228979003,Spain,2026-05-15
CrediMarket,credimarket.com,0.027270900954064273,2,0,2,2,,3617.5,0,0.030303030303030304,0.0,0.08333333333333333,0.04081632653061224,0.0,0.000453128477925472,Spain,2026-05-15
Reasonwhy ES,reasonwhy.es,0.02725555728016551,1,1,1,0,59.0,11856.0,0,0.0,0.030303030303030304,0.0,0.0,0.08333333333333333,0.0014850839624835925,Spain,2026-05-15
ElOtroLado,elotrolado.net,0.027228758193668916,2,2,1,2,810.5,30159.0,0,0.030303030303030304,0.06060606060606061,0.0,0.04081632653061224,0.0061614294516327784,0.0037777199076031265,Spain,2026-05-15
Csystemreinosa ES,csystemreinosa.es,0.026956438243768314,2,2,1,2,887.0,4933.0,0,0.030303030303030304,0.06060606060606061,0.0,0.04081632653061224,0.00563063063063063,0.0006179081635401115,Spain,2026-05-15
Mutatio,mutatio.es,0.026377731249964242,2,2,1,2,1816.5,7260.0,0,0.030303030303030304,0.06060606060606061,0.0,0.04081632653061224,0.0027510316368638235,0.0009093884588082727,Spain,2026-05-15
Blog Simyo ES,blog.simyo.es,0.025365530857317672,1,1,1,2,93.0,29964.0,0,0.0,0.030303030303030304,0.0,0.04081632653061224,0.05319148936170212,0.003753294184535962,Spain,2026-05-15
Stripe,stripe.com,0.025254848837542407,2,0,2,1,,17228.5,0,0.030303030303030304,0.0,0.08333333333333333,0.02040816326530612,0.0,0.0021580439480135436,Spain,2026-05-15
20minutos ES,20minutos.es,0.025181361825359235,2,0,2,1,,5847.0,0,0.030303030303030304,0.0,0.08333333333333333,0.02040816326530612,0.0,0.0007323959116600511,Spain,2026-05-15
Blog de Phone House,blog.phonehouse.es,0.02472247544427753,1,1,1,1,81.0,7647.0,0,0.0,0.030303030303030304,0.0,0.02040816326530612,0.06097560975609756,0.000957864124587722,Spain,2026-05-15
Moviles Xenonpc ES,moviles.xenonpc.es,0.024394854812974633,1,1,1,1,83.0,3267.0,0,0.0,0.030303030303030304,0.0,0.02040816326530612,0.05952380952380952,0.0004092248064637227,Spain,2026-05-15
MISTI,misti.mit.edu,0.02322056928102305,1,1,1,0,77.0,1033.0,0,0.0,0.030303030303030304,0.0,0.0,0.0641025641025641,0.00012939370219682448,Spain,2026-05-15
Ofertasyoigo,ofertasyoigo.net,0.020601721056001332,3,1,1,3,902.0,4235.666666666667,0,0.06060606060606061,0.030303030303030304,0.0,0.061224489795918366,0.005537098560354374,0.0005305601077170212,Spain,2026-05-15
Ofertas en Teléfonos Libres y baratos,tarifasyoigo.org,0.020583005646658954,1,1,1,1,121.0,4951.0,0,0.0,0.030303030303030304,0.0,0.02040816326530612,0.040983606557377046,0.0006201628456693882,Spain,2026-05-15
Yoigotarifas ES,yoigotarifas.es,0.01894275043613398,1,1,1,1,152.0,16084.0,0,0.0,0.030303030303030304,0.0,0.02040816326530612,0.032679738562091505,0.002014683742627033,Spain,2026-05-15
Expert ES,expert.es,0.018374211433897975,1,1,1,1,78115.0,969566.0,0,0.0,0.030303030303030304,0.0,0.02040816326530612,6.400737364944442e-05,0.12144795185301677,Spain,2026-05-15
Ding,ding.com,0.01814790892441291,1,1,1,0,126.0,5187.0,0,0.0,0.030303030303030304,0.0,0.0,0.03937007874015748,0.0006497242335865717,Spain,2026-05-15
MiSolvencia,misolvencia.es,0.01783062314731104,1,1,1,1,181.0,10125.0,0,0.0,0.030303030303030304,0.0,0.02040816326530612,0.027472527472527472,0.0012682586977181489,Spain,2026-05-15
Zonamovilidad ES,zonamovilidad.es,0.017620457878028427,1,1,1,2,303.0,3795.0,0,0.0,0.030303030303030304,0.0,0.04081632653061224,0.01644736842105263,0.0004753621489225062,Spain,2026-05-15
Capterra,capterra.es,0.017509976431495544,1,1,1,0,138.0,14923.0,0,0.0,0.030303030303030304,0.0,0.0,0.03597122302158273,0.001869256745288685,Spain,2026-05-15
Servimedia ES,servimedia.es,0.016987244837497376,1,1,1,2,375.0,6299.0,0,0.0,0.030303030303030304,0.0,0.04081632653061224,0.01329787234042553,0.000789013485128555,Spain,2026-05-15
CDN Amazon ES,cdn.amazon.es,0.01672447387350968,1,1,1,1,223.0,3300.0,0,0.0,0.030303030303030304,0.0,0.02040816326530612,0.02232142857142857,0.0004133583903673967,Spain,2026-05-15
Gogoespana,gogoespana.com,0.016280213128162805,1,1,1,0,165.0,11295.0,0,0.0,0.030303030303030304,0.0,0.0,0.030120481927710843,0.001414813036121135,Spain,2026-05-15
Viveconpasta,viveconpasta.com,0.015899139040793604,1,1,1,2,620.0,5310.0,0,0.0,0.030303030303030304,0.0,0.04081632653061224,0.008051529790660225,0.0006651312281366292,Spain,2026-05-15
Media Tics,media-tics.com,0.015559434609451788,1,1,1,1,299.0,3438.0,0,0.0,0.030303030303030304,0.0,0.02040816326530612,0.016666666666666666,0.00043064428669185146,Spain,2026-05-15
Tiendasanticrisis ES,tiendasanticrisis.es,0.015452538575322508,1,1,1,1,313.0,10612.0,0,0.0,0.030303030303030304,0.0,0.02040816326530612,0.01592356687898089,0.0013292603753269133,Spain,2026-05-15
Guía del Diputado,cortesaragon.es,0.015306806855005375,1,1,1,0,194.0,3581.0,0,0.0,0.030303030303030304,0.0,0.0,0.02564102564102564,0.000448556483607772,Spain,2026-05-15
Orbitpeek,orbitpeek.com,0.014932962910370889,1,1,1,2,1542.0,9306.0,0,0.0,0.030303030303030304,0.0,0.04081632653061224,0.0032404406999351912,0.0011656706608360588,Spain,2026-05-15
Economiadigital ES,economiadigital.es,0.014886748000901657,1,1,1,1,374.0,5699.0,0,0.0,0.030303030303030304,0.0,0.02040816326530612,0.013333333333333332,0.0007138574141526648,Spain,2026-05-15
Yoygo Online,yoygo.online,0.014862333492898144,1,1,1,1,381.0,9720.0,0,0.0,0.030303030303030304,0.0,0.02040816326530612,0.013089005235602094,0.001217528349809423,Spain,2026-05-15
Aspra,aspra.es,0.014839965926398899,1,1,1,1,386.0,11656.0,0,0.0,0.030303030303030304,0.0,0.02040816326530612,0.012919896640826873,0.0014600319388249623,Spain,2026-05-15
MiMobile.es,mimobile.es,0.014688199564727528,2,1,1,0,333.0,6613.5,0,0.030303030303030304,0.030303030303030304,0.0,0.0,0.014970059880239521,0.000828407792331751,Spain,2026-05-15
Información de la empresa - Infobel,infobel.com,0.014474404579009205,1,1,1,1,438.0,3909.0,0,0.0,0.030303030303030304,0.0,0.02040816326530612,0.011389521640091115,0.0004896418024079253,Spain,2026-05-15
Financia un teléfono,es.t-mobile.com,0.014426134923767157,1,1,1,1,468.0,19698.0,0,0.0,0.030303030303030304,0.0,0.02040816326530612,0.010660980810234541,0.002467373810138479,Spain,2026-05-15
Vivus.es,vivus.es,0.014362456894322749,1,1,1,1,465.0,7644.0,0,0.0,0.030303030303030304,0.0,0.02040816326530612,0.01072961373390558,0.0009574883442328426,Spain,2026-05-15
Numeroservicioalcliente,numeroservicioalcliente.com,0.014229569439043258,1,1,1,1,510.0,17236.0,0,0.0,0.030303030303030304,0.0,0.02040816326530612,0.009784735812133072,0.0021589833989007425,Spain,2026-05-15
Ofertas MásMóvil,masmovil.beemy.es,0.014052089048303611,1,1,1,1,535.0,4322.0,0,0.0,0.030303030303030304,0.0,0.02040816326530612,0.009328358208955223,0.0005413742312629966,Spain,2026-05-15
Eshowmagazine,eshowmagazine.com,0.013378075721106147,1,1,1,1,836.0,7058.0,0,0.0,0.030303030303030304,0.0,0.02040816326530612,0.005973715651135005,0.0008840859149130563,Spain,2026-05-15
Orangeobk ES,orangeobk.es,0.01322244845950235,1,1,1,1,929.0,2031.0,0,0.0,0.030303030303030304,0.0,0.02040816326530612,0.005376344086021505,0.0002544033002533887,Spain,2026-05-15
Telefonode,telefonode.org,0.013137902387849785,1,1,1,1,1035.0,6503.0,0,0.0,0.030303030303030304,0.0,0.02040816326530612,0.004826254826254826,0.0008145665492603578,Spain,2026-05-15
Elespanol,elespanol.com,0.012897757513162193,1,1,1,1,1361.0,6199.0,0,0.0,0.030303030303030304,0.0,0.02040816326530612,0.0036710719530102785,0.00077648747329924,Spain,2026-05-15
Cincodias Elpais,cincodias.elpais.com,0.01267128660324005,1,1,1,1,1946.0,6347.0,0,0.0,0.030303030303030304,0.0,0.02040816326530612,0.0025680534155110425,0.0007950259708066263,Spain,2026-05-15
Cajamar,cajamar.es,0.012492826525011876,1,1,1,1,11906.0,47305.0,0,0.0,0.030303030303030304,0.0,0.02040816326530612,0.0004199210548416897,0.005925429895857485,Spain,2026-05-15
Guía 2026 con todo lo que debes saber,fourpass.es,0.012486720140441481,1,1,1,1,3799.0,17751.0,0,0.0,0.030303030303030304,0.0,0.02040816326530612,0.0013157894736842105,0.0022234923598217146,Spain,2026-05-15
Elcierredigital,elcierredigital.com,0.012412921107679114,1,1,1,1,3894.0,7346.0,0,0.0,0.030303030303030304,0.0,0.02040816326530612,0.0012836970474967907,0.0009201608289814837,Spain,2026-05-15
UBU ES,ubu.es,0.012400013447275269,1,1,1,0,24687.0,365725.0,0,0.0,0.030303030303030304,0.0,0.0,0.00020252754374594945,0.04581075676276247,Spain,2026-05-15
Fast & easy top-ups - Eneba,eneba.com,0.012389472310840364,1,1,1,0,438.0,6852.0,0,0.0,0.030303030303030304,0.0,0.0,0.011389521640091115,0.0008582823305446673,Spain,2026-05-15
Recharge a Loved One's Data - Monito,monito.com,0.010898159938451871,1,1,1,0,1228.0,9672.0,0,0.0,0.030303030303030304,0.0,0.0,0.004068348250610252,0.0012115158641313518,Spain,2026-05-15
Guirihubs,guirihubs.com,0.010682229067571226,1,1,1,0,1567.0,4317.0,0,0.0,0.030303030303030304,0.0,0.0,0.0031887755102040813,0.0005407479306715308,Spain,2026-05-15
SEAGM,seagm.com,0.01042880888388098,1,1,1,0,2529.0,3787.0,0,0.0,0.030303030303030304,0.0,0.0,0.001976284584980237,0.000474360067976161,Spain,2026-05-15
Euro Weekly News,euroweeklynews.com,0.010411291145697884,1,1,1,0,2952.0,10114.0,0,0.0,0.030303030303030304,0.0,0.0,0.0016931933626820183,0.0012668808364169244,Spain,2026-05-15
BBVA Consumer Finance,bbvaconsumerfinance.es,0.005805473183832256,2,0,1,2,,5512.5,0,0.030303030303030304,0.0,0.0,0.04081632653061224,0.0,0.0006904964020909922,Spain,2026-05-15
Keio,keio.es,0.0057872878682048,2,0,1,2,,2696.0,0,0.030303030303030304,0.0,0.0,0.04081632653061224,0.0,0.0003377012789183338,Spain,2026-05-15
Contacto Directo,europages.es,0.005769880585786329,2,0,1,2,,0.0,0,0.030303030303030304,0.0,0.0,0.04081632653061224,0.0,0.0,Spain,2026-05-15
Directorio de empresas Informa D&B,informa.es,0.004243645328695198,1,0,1,2,,5541.0,0,0.0,0.0,0.0,0.04081632653061224,0.0,0.000694066315462347,Spain,2026-05-15
Elgrupoinformatico,elgrupoinformatico.com,0.00422839458645765,1,0,1,2,,3179.0,0,0.0,0.0,0.0,0.04081632653061224,0.0,0.00039820191605392547,Spain,2026-05-15
Pago fraccionado en Onedirect,onedirect.es,0.00422370701708235,1,0,1,2,,2453.0,0,0.0,0.0,0.0,0.04081632653061224,0.0,0.0003072630701730982,Spain,2026-05-15
Silicon,silicon.es,0.004222150950664378,1,0,1,2,,2212.0,0,0.0,0.0,0.0,0.04081632653061224,0.0,0.00027707538166444896,Spain,2026-05-15
Grupo Banco Sabadell,grupbancsabadell.com,0.004217256766660965,1,0,1,2,,1454.0,0,0.0,0.0,0.0,0.04081632653061224,0.0,0.00018212821199824084,Spain,2026-05-15
123 Préstamos,123prestamos.com,0.003804495424048656,1,0,1,1,,263379.0,0,0.0,0.0,0.0,0.02040816326530612,0.0,0.03299088469593169,Spain,2026-05-15
Consumoresponde ES,consumoresponde.es,0.002346254575781143,1,0,1,1,,37530.0,0,0.0,0.0,0.0,0.02040816326530612,0.0,0.0047010122395419384,Spain,2026-05-15
eInforma,einforma.com,0.0022706271651848713,1,0,1,1,,25817.0,0,0.0,0.0,0.0,0.02040816326530612,0.0,0.003233840473974267,Spain,2026-05-15
DIGI,digimobil.es,0.002208216634080666,1,0,1,1,,16151.0,0,0.0,0.0,0.0,0.02040816326530612,0.0,0.002023076170552674,Spain,2026-05-15
Bbva,bbva.com,0.00220029425443398,1,0,1,1,,14924.0,0,0.0,0.0,0.0,0.02040816326530612,0.0,0.0018693820054069782,Spain,2026-05-15
Prestalo,prestalo.com,0.0021964331435711296,1,0,1,1,,14326.0,0,0.0,0.0,0.0,0.02040816326530612,0.0,0.0017944764546676743,Spain,2026-05-15
Acierto,acierto.com,0.0021916680937102873,1,0,1,1,,13588.0,0,0.0,0.0,0.0,0.02040816326530612,0.0,0.0017020344873673293,Spain,2026-05-15
Finpanda,finpanda.com,0.002168010718791416,1,0,1,1,,9924.0,0,0.0,0.0,0.0,0.02040816326530612,0.0,0.0012430814139412257,Spain,2026-05-15
Rastreator,rastreator.com,0.0021655636267897092,1,0,1,1,,9545.0,0,0.0,0.0,0.0,0.02040816326530612,0.0,0.0011956078291081216,Spain,2026-05-15
El Código Postal,elcodigopostal.com,0.002150577609544431,1,0,1,1,,7224.0,0,0.0,0.0,0.0,0.02040816326530612,0.0,0.0009048790945497193,Spain,2026-05-15
Creditosms,creditosms.com,0.002146690671853066,1,0,1,1,,6622.0,0,0.0,0.0,0.0,0.02040816326530612,0.0,0.0008294725033372427,Spain,2026-05-15
Lowi,lowi.es,0.0021412089275009588,1,0,1,1,,5773.0,0,0.0,0.0,0.0,0.02040816326530612,0.0,0.0007231266629063579,Spain,2026-05-15
Channel Partner,channelpartner.es,0.0021402339647245533,1,0,1,1,,5622.0,0,0.0,0.0,0.0,0.02040816326530612,0.0,0.0007042123850440922,Spain,2026-05-15
iOSMac,iosmac.es,0.0021401693976532683,1,0,1,1,,5612.0,0,0.0,0.0,0.0,0.02040816326530612,0.0,0.0007029597838611607,Spain,2026-05-15
tifon.es,tifon.es,0.002134539149037205,1,0,1,1,,4740.0,0,0.0,0.0,0.0,0.02040816326530612,0.0,0.0005937329607095334,Spain,2026-05-15
Bbva IT,bbva.it,0.0021309104796309805,1,0,1,1,,4178.0,0,0.0,0.0,0.0,0.02040816326530612,0.0,0.0005233367742287829,Spain,2026-05-15
Economiza,economiza.com,0.002128766852864314,1,0,1,1,,3846.0,0,0.0,0.0,0.0,0.02040816326530612,0.0,0.00048175041495545685,Spain,2026-05-15
Centro de soporte,help.pccomponentes.com,0.0021274367711958406,1,0,1,1,,3640.0,0,0.0,0.0,0.0,0.02040816326530612,0.0,0.00045594683058706786,Spain,2026-05-15
Digitalsevilla,digitalsevilla.com,0.002126887951089917,1,0,1,1,,3555.0,0,0.0,0.0,0.0,0.02040816326530612,0.0,0.0004452997205321501,Spain,2026-05-15
Finetwork,finetwork.com,0.002125551412714315,1,0,1,1,,3348.0,0,0.0,0.0,0.0,0.02040816326530612,0.0,0.0004193708760454679,Spain,2026-05-15
Dplnews,dplnews.com,0.002123498179847448,1,0,1,1,,3030.0,0,0.0,0.0,0.0,0.02040816326530612,0.0,0.00037953815842824606,Spain,2026-05-15
SICOS Apple Premium Reseller,sicos.es,0.002120418330547147,1,0,1,1,,2553.0,0,0.0,0.0,0.0,0.02040816326530612,0.0,0.0003197890820024133,Spain,2026-05-15
Comunicación,comunicacion.grupbancsabadell.com,0.002118042262323854,1,0,1,1,,2185.0,0,0.0,0.0,0.0,0.02040816326530612,0.0,0.0002736933584705339,Spain,2026-05-15
Banco Sabadell tarjeta de prepago,prestamosfrescos.es,0.002116641156876967,1,0,1,1,,1968.0,0,0.0,0.0,0.0,0.02040816326530612,0.0,0.00024651191280092023,Spain,2026-05-15
OnlyTenis,onlytenis.com,0.0021151883977730515,1,0,1,1,,1743.0,0,0.0,0.0,0.0,0.02040816326530612,0.0,0.00021832838618496134,Spain,2026-05-15
El pago a plazos digital de Sabadell Consumer ...,instantcredit.net,0.0021149559563164253,1,0,1,1,,1707.0,0,0.0,0.0,0.0,0.02040816326530612,0.0,0.00021381902192640792,Spain,2026-05-15
MediaMarkt Canarias,te-ayudamos.canarias.mediamarkt.es,0.002113922883175863,1,0,1,1,,1547.0,0,0.0,0.0,0.0,0.02040816326530612,0.0,0.00019377740299950384,Spain,2026-05-15
iDenda,idenda.com,0.0021130318575921284,1,0,1,1,,1409.0,0,0.0,0.0,0.0,0.02040816326530612,0.0,0.00017649150667504909,Spain,2026-05-15
Multisononline,multisononline.com,0.002112812329549759,1,0,1,1,,1375.0,0,0.0,0.0,0.0,0.02040816326530612,0.0,0.00017223266265308196,Spain,2026-05-15
Información de la entidad adherida,confianzaonline.es,0.002112224769201064,1,0,1,1,,1284.0,0,0.0,0.0,0.0,0.02040816326530612,0.0,0.00016083399188840527,Spain,2026-05-15
MCFactory,mcfactory.es,0.00211189547713751,1,0,1,1,,1233.0,0,0.0,0.0,0.0,0.02040816326530612,0.0,0.0001544457258554546,Spain,2026-05-15
Cofidis,cofidis.pt,0.002111540358245442,1,0,1,1,,1178.0,0,0.0,0.0,0.0,0.02040816326530612,0.0,0.0001475564193493313,Spain,2026-05-15
QDQ,qdq.com,0.0021105201985191367,1,0,1,1,,1020.0,0,0.0,0.0,0.0,0.02040816326530612,0.0,0.00012776532065901354,Spain,2026-05-15
MINI FAQ,mini.es,0.002108234524195643,1,0,1,1,,666.0,0,0.0,0.0,0.0,0.02040816326530612,0.0,8.342323878323824e-05,Spain,2026-05-15
Paginas Empresas,paginas-empresas.com,0.00210447026393972,1,0,1,1,,83.0,0,0.0,0.0,0.0,0.02040816326530612,0.0,1.0396589818331493e-05,Spain,2026-05-15
Sabadellconsumeronline,sabadellconsumeronline.com,0.0021039343572480536,1,0,1,1,,0.0,0,0.0,0.0,0.0,0.02040816326530612,0.0,0.0,Spain,2026-05-15
Pepper,pepperfinance.es,0.00010106683668261261,1,0,1,0,,15653.0,0,0.0,0.0,0.0,0.0,0.0,0.001960696631642685,Spain,2026-05-15
Tien21,tien21.es,6.882849798994766e-05,1,0,1,0,,10660.0,0,0.0,0.0,0.0,0.0,0.0,0.0013352728610049845,Spain,2026-05-15
Publico ES,publico.es,6.558723101143416e-05,1,0,1,0,,10158.0,0,0.0,0.0,0.0,0.0,0.0,0.0012723922816218229,Spain,2026-05-15
ELECTRO DEPOT,electrodepot.es,6.526439565500852e-05,1,0,1,0,,10108.0,0,0.0,0.0,0.0,0.0,0.0,0.0012661292757071654,Spain,2026-05-15
QUE ES,que.es,6.292706767448685e-05,1,0,1,0,,9746.0,0,0.0,0.0,0.0,0.0,0.0,0.001220785112885045,Spain,2026-05-15
EPE ES,epe.es,6.236533415430623e-05,1,0,1,0,,9659.0,0,0.0,0.0,0.0,0.0,0.0,0.0012098874825935409,Spain,2026-05-15
Compra ahora y paga después SIN intereses,xlash.es,5.508216851334365e-05,1,0,1,0,,8531.0,0,0.0,0.0,0.0,0.0,0.0,0.001068594069158867,Spain,2026-05-15
ComeFruta,comefruta.es,5.1550349714047095e-05,1,0,1,0,,7984.0,0,0.0,0.0,0.0,0.0,0.0,0.0010000767844525137,Spain,2026-05-15
ICEX,icex.es,4.5726399884128444e-05,1,0,1,0,,7082.0,0,0.0,0.0,0.0,0.0,0.0,0.0008870921577520919,Spain,2026-05-15
Formacurae,formacurae.es,4.56037224486867e-05,1,0,1,0,,7063.0,0,0.0,0.0,0.0,0.0,0.0,0.0008847122155045221,Spain,2026-05-15
FEE,fee.org.es,4.246576278422943e-05,1,0,1,0,,6577.0,0,0.0,0.0,0.0,0.0,0.0,0.000823835798014051,Spain,2026-05-15
Sofinco.es,sofinco.es,3.966355189045483e-05,1,0,1,0,,6143.0,0,0.0,0.0,0.0,0.0,0.0,0.0007694729066748236,Spain,2026-05-15
Mozillion,mozillion.com,3.571204712780492e-05,1,0,1,0,,5531.0,0,0.0,0.0,0.0,0.0,0.0,0.0006928137142794155,Spain,2026-05-15
Mercado del Colchón,mercadodelcolchon.es,2.9294080242063083e-05,1,0,1,0,,4537.0,0,0.0,0.0,0.0,0.0,0.0,0.0005683051566960238,Spain,2026-05-15
BeRoomie,beroomie.app,2.9100379028207697e-05,1,0,1,0,,4507.0,0,0.0,0.0,0.0,0.0,0.0,0.0005645473531472293,Spain,2026-05-15
Unicaja,unicajabanco.es,2.382524930421265e-05,1,0,1,0,,3690.0,0,0.0,0.0,0.0,0.0,0.0,0.0004622098365017254,Spain,2026-05-15
Riunet UPV ES,riunet.upv.es,2.3657374918871313e-05,1,0,1,0,,3664.0,0,0.0,0.0,0.0,0.0,0.0,0.0004589530734261035,Spain,2026-05-15
Tiendasigloxxi ES,tiendasigloxxi.es,1.8640513480016777e-05,1,0,1,0,,2887.0,0,0.0,0.0,0.0,0.0,0.0,0.0003616259615123255,Spain,2026-05-15
Finanzas para todos,finanzasparatodos.es,1.689074584818978e-05,1,0,1,0,,2616.0,0,0.0,0.0,0.0,0.0,0.0,0.00032768046945488177,Spain,2026-05-15
Caixa Rural Benicarló,caixabenicarlo.es,1.650980012760752e-05,1,0,1,0,,2557.0,0,0.0,0.0,0.0,0.0,0.0,0.00032029012247558586,Spain,2026-05-15
Zooplus,zooplus.es,6.889306506123278e-06,1,0,1,0,,1067.0,0,0.0,0.0,0.0,0.0,0.0,0.0001336525462187916,Spain,2026-05-15
Financiación - Universidad de Granada,produccioncientifica.ugr.es,4.7327663251999645e-06,1,0,1,0,,733.0,0,0.0,0.0,0.0,0.0,0.0,9.181566670887932e-05,Spain,2026-05-15
Atencion AL Cliente Lidl ES,atencion-al-cliente.lidl.es,6.198438843372396e-07,1,0,1,0,,96.0,0,0.0,0.0,0.0,0.0,0.0,1.202497135614245e-05,Spain,2026-05-15
Ontsi,ontsi.es,0.0,1,0,1,0,,0.0,0,0.0,0.0,0.0,0.0,0.0,0.0,Spain,2026-05-15
